model,scenario,num_runs,final_score_mean,final_score_std,final_score_min,final_score_max,hard_constraint_violations_mean,avg_recovery_turns_mean
heuristic_baseline,default,10,37.866074766084935,0.2852476971079961,37.53849300748779,38.256408375551906,7.2,2.6014743589743587
heuristic_baseline,disasters_heavy,10,37.866074766084935,0.2852476971079961,37.53849300748779,38.256408375551906,7.2,2.6014743589743587
llama3:70b,default,10,25.0,0.0,25.0,25.0,0,0.9703296703296703
llama3:70b,disasters_heavy,10,25.0,0.0,25.0,25.0,0,0.9703296703296703
llama3:8b,default,10,28.648084362352765,6.1019710545837835,25.0,42.061697336611516,10.2,1.3946886446886446
llama3:8b,disasters_heavy,10,25.03688855971496,3.7325817619292,16.379114145658264,32.96926934959628,8.9,2.0635113660848954
random_baseline,default,10,32.248431821442956,6.790461565441429,25.0,41.32581440898201,128.2,2.388717948717949
random_baseline,disasters_heavy,10,32.05534669524388,6.552899353753767,25.0,39.8199777993972,128.2,2.704102564102564
