{
  "experiment": "citybench_v1",
  "metrics": {
    "default": {
      "llama3.2:3b": {
        "num_runs": 7,
        "final_score": {
          "mean": 25.156556074664365,
          "std": 4.050655344902645,
          "min": 17.27106227106227,
          "max": 29.24070878928096
        },
        "hard_constraint_violations": {
          "mean": 32.285714285714285
        },
        "avg_recovery_turns": {
          "mean": 2.947619047619048
        }
      },
      "llama3:8b": {
        "num_runs": 5,
        "final_score": {
          "mean": 30.660907978090407,
          "std": 6.058408129407652,
          "min": 22.358368279569895,
          "max": 38.71037284668273
        },
        "hard_constraint_violations": {
          "mean": 7.8
        },
        "avg_recovery_turns": {
          "mean": 1.5428571428571427
        }
      }
    },
    "disasters_heavy": {
      "llama3.2:3b": {
        "num_runs": 5,
        "final_score": {
          "mean": 25.0,
          "std": 0.0,
          "min": 25.0,
          "max": 25.0
        },
        "hard_constraint_violations": {
          "mean": 30.2
        },
        "avg_recovery_turns": {
          "mean": 0.9857142857142858
        }
      },
      "llama3:8b": {
        "num_runs": 5,
        "final_score": {
          "mean": 27.78858554385744,
          "std": 3.4434732776666888,
          "min": 25.0,
          "max": 32.666435461380914
        },
        "hard_constraint_violations": {
          "mean": 15.2
        },
        "avg_recovery_turns": {
          "mean": 1.2252747252747254
        }
      }
    }
  },
  "baseline_model": null,
  "best_model_by_final_score": {
    "default": "llama3:8b",
    "disasters_heavy": "llama3:8b"
  }
}